{
    "training_results": {
        "model_name": "LabelSpreading",
        "cv_best_score": 0.9256967527486577,
        "cv_best_mean_test_score": 0.9256967527486577,
        "cv_best_std_test_score": 0.001886562694522798,
        "test_score": 0.5892018779342723,
        "accuracy": 0.5892018779342723,
        "balanced_accuracy": 0.35787636341174495,
        "precision": 0.6643169511892953,
        "recall": 0.5892018779342723,
        "f1": 0.6177983822171454,
        "kappa_score": 0.22657112062083096,
        "mcc_score": 0.2341431966139963,
        "error_rate": 0.41079812206572774,
        "best_params": {
            "n_neighbors": 7,
            "kernel": "rbf",
            "gamma": 100,
            "alpha": 0.4
        },
        "confusion_matrix": [
            [
                228,
                73,
                181,
                0,
                19
            ],
            [
                72,
                157,
                162,
                3,
                12
            ],
            [
                366,
                381,
                1613,
                29,
                56
            ],
            [
                1,
                0,
                10,
                1,
                0
            ],
            [
                14,
                2,
                18,
                1,
                9
            ]
        ],
        "classification_report": {
            "A": {
                "precision": 0.33480176211453744,
                "recall": 0.4550898203592814,
                "f1-score": 0.38578680203045684,
                "support": 501.0
            },
            "B": {
                "precision": 0.2561174551386623,
                "recall": 0.3866995073891626,
                "f1-score": 0.3081452404317959,
                "support": 406.0
            },
            "C": {
                "precision": 0.8130040322580645,
                "recall": 0.6597137014314929,
                "f1-score": 0.7283811244073154,
                "support": 2445.0
            },
            "D": {
                "precision": 0.029411764705882353,
                "recall": 0.08333333333333333,
                "f1-score": 0.04347826086956522,
                "support": 12.0
            },
            "E": {
                "precision": 0.09375,
                "recall": 0.20454545454545456,
                "f1-score": 0.12857142857142856,
                "support": 44.0
            },
            "accuracy": 0.5892018779342723,
            "macro avg": {
                "precision": 0.3054170028434293,
                "recall": 0.35787636341174495,
                "f1-score": 0.31887257126211244,
                "support": 3408.0
            },
            "weighted avg": {
                "precision": 0.6643169511892953,
                "recall": 0.5892018779342723,
                "f1-score": 0.6177983822171454,
                "support": 3408.0
            }
        },
        "training_time": 6210.278233766556,
        "bootstrap_results": {
            "mean_accuracy": 0.5894644953051643,
            "std_accuracy": 0.0086823921193013,
            "mean_precision": 0.664287802047684,
            "std_precision": 0.00940039830712435,
            "mean_recall": 0.5894644953051643,
            "std_recall": 0.0086823921193013,
            "mean_f1": 0.6180328124309737,
            "std_f1": 0.00831954094196885
        }
    },
    "training_time": 6210.278233766556,
    "bootstrap_results": {
        "mean_accuracy": 0.5894644953051643,
        "std_accuracy": 0.0086823921193013,
        "mean_precision": 0.664287802047684,
        "std_precision": 0.00940039830712435,
        "mean_recall": 0.5894644953051643,
        "std_recall": 0.0086823921193013,
        "mean_f1": 0.6180328124309737,
        "std_f1": 0.00831954094196885
    }
}