{
    "training_results": {
        "model_name": "LabelPropagation",
        "cv_best_score": 0.8956195670700527,
        "cv_best_mean_test_score": 0.8956195670700527,
        "cv_best_std_test_score": 0.0029336328582171937,
        "test_score": 0.5234741784037559,
        "accuracy": 0.5234741784037559,
        "balanced_accuracy": 0.40050482793366393,
        "precision": 0.6847873894062394,
        "recall": 0.5234741784037559,
        "f1": 0.5670632593173929,
        "kappa_score": 0.222501823778532,
        "mcc_score": 0.24740580714973828,
        "error_rate": 0.4765258215962441,
        "best_params": {
            "n_neighbors": 3,
            "kernel": "knn",
            "gamma": 500
        },
        "confusion_matrix": [
            [
                284,
                74,
                113,
                6,
                24
            ],
            [
                91,
                200,
                102,
                4,
                9
            ],
            [
                496,
                516,
                1287,
                61,
                85
            ],
            [
                2,
                3,
                5,
                2,
                0
            ],
            [
                16,
                2,
                15,
                0,
                11
            ]
        ],
        "classification_report": {
            "A": {
                "precision": 0.3194600674915636,
                "recall": 0.5668662674650699,
                "f1-score": 0.40863309352517985,
                "support": 501.0
            },
            "B": {
                "precision": 0.25157232704402516,
                "recall": 0.49261083743842365,
                "f1-score": 0.33305578684429643,
                "support": 406.0
            },
            "C": {
                "precision": 0.8455978975032852,
                "recall": 0.5263803680981595,
                "f1-score": 0.6488530375598689,
                "support": 2445.0
            },
            "D": {
                "precision": 0.0273972602739726,
                "recall": 0.16666666666666666,
                "f1-score": 0.047058823529411764,
                "support": 12.0
            },
            "E": {
                "precision": 0.08527131782945736,
                "recall": 0.25,
                "f1-score": 0.12716763005780346,
                "support": 44.0
            },
            "accuracy": 0.5234741784037559,
            "macro avg": {
                "precision": 0.3058597740284608,
                "recall": 0.40050482793366393,
                "f1-score": 0.3129536743033121,
                "support": 3408.0
            },
            "weighted avg": {
                "precision": 0.6847873894062394,
                "recall": 0.5234741784037559,
                "f1-score": 0.5670632593173929,
                "support": 3408.0
            }
        },
        "training_time": 2239.2513568401337,
        "bootstrap_results": {
            "mean_accuracy": 0.5233318661971831,
            "std_accuracy": 0.007985263831724562,
            "mean_precision": 0.6844356872893614,
            "std_precision": 0.009258769160758679,
            "mean_recall": 0.5233318661971831,
            "std_recall": 0.007985263831724564,
            "mean_f1": 0.5668656643006083,
            "std_f1": 0.007637845329606015
        }
    },
    "training_time": 2239.2513568401337,
    "bootstrap_results": {
        "mean_accuracy": 0.5233318661971831,
        "std_accuracy": 0.007985263831724562,
        "mean_precision": 0.6844356872893614,
        "std_precision": 0.009258769160758679,
        "mean_recall": 0.5233318661971831,
        "std_recall": 0.007985263831724564,
        "mean_f1": 0.5668656643006083,
        "std_f1": 0.007637845329606015
    }
}