{
    "training_results": {
        "model_name": "LabelPropagation",
        "cv_best_score": 0.9219381232421375,
        "cv_best_mean_test_score": 0.9219381232421375,
        "cv_best_std_test_score": 0.001895551316067551,
        "test_score": 0.5745305164319249,
        "accuracy": 0.5745305164319249,
        "balanced_accuracy": 0.37164085896052473,
        "precision": 0.6647157049585953,
        "recall": 0.5745305164319249,
        "f1": 0.6078712071021247,
        "kappa_score": 0.21959736682019093,
        "mcc_score": 0.22903778555464518,
        "error_rate": 0.4254694835680751,
        "best_params": {
            "n_neighbors": 7,
            "kernel": "rbf",
            "gamma": 10
        },
        "confusion_matrix": [
            [
                232,
                77,
                169,
                2,
                21
            ],
            [
                73,
                157,
                157,
                5,
                14
            ],
            [
                382,
                391,
                1558,
                42,
                72
            ],
            [
                1,
                1,
                8,
                2,
                0
            ],
            [
                14,
                2,
                18,
                1,
                9
            ]
        ],
        "classification_report": {
            "A": {
                "precision": 0.33048433048433046,
                "recall": 0.4630738522954092,
                "f1-score": 0.3857024106400665,
                "support": 501.0
            },
            "B": {
                "precision": 0.25,
                "recall": 0.3866995073891626,
                "f1-score": 0.3036750483558994,
                "support": 406.0
            },
            "C": {
                "precision": 0.8157068062827225,
                "recall": 0.6372188139059305,
                "f1-score": 0.7154994259471872,
                "support": 2445.0
            },
            "D": {
                "precision": 0.038461538461538464,
                "recall": 0.16666666666666666,
                "f1-score": 0.0625,
                "support": 12.0
            },
            "E": {
                "precision": 0.07758620689655173,
                "recall": 0.20454545454545456,
                "f1-score": 0.11250000000000002,
                "support": 44.0
            },
            "accuracy": 0.5745305164319249,
            "macro avg": {
                "precision": 0.3024477764250287,
                "recall": 0.37164085896052473,
                "f1-score": 0.31597537698863065,
                "support": 3408.0
            },
            "weighted avg": {
                "precision": 0.6647157049585953,
                "recall": 0.5745305164319249,
                "f1-score": 0.6078712071021247,
                "support": 3408.0
            }
        },
        "training_time": 3856.231999874115,
        "bootstrap_results": {
            "mean_accuracy": 0.5744762323943662,
            "std_accuracy": 0.008861214623745154,
            "mean_precision": 0.6644053408303361,
            "std_precision": 0.009096407267403657,
            "mean_recall": 0.5744762323943662,
            "std_recall": 0.00886121462374515,
            "mean_f1": 0.6077682087580916,
            "std_f1": 0.008317834271357325
        }
    },
    "training_time": 3856.231999874115,
    "bootstrap_results": {
        "mean_accuracy": 0.5744762323943662,
        "std_accuracy": 0.008861214623745154,
        "mean_precision": 0.6644053408303361,
        "std_precision": 0.009096407267403657,
        "mean_recall": 0.5744762323943662,
        "std_recall": 0.00886121462374515,
        "mean_f1": 0.6077682087580916,
        "std_f1": 0.008317834271357325
    }
}