{
    "training_results": {
        "model_name": "LabelPropagation",
        "cv_best_score": 0.9244221722233587,
        "cv_best_mean_test_score": 0.9244221722233587,
        "cv_best_std_test_score": 0.0019511949302862585,
        "test_score": 0.6065140845070423,
        "accuracy": 0.6065140845070423,
        "balanced_accuracy": 0.3685292114991675,
        "precision": 0.6717245826689636,
        "recall": 0.6065140845070423,
        "f1": 0.6320214651320404,
        "kappa_score": 0.24542662086738176,
        "mcc_score": 0.2519480285713462,
        "error_rate": 0.39348591549295775,
        "best_params": {
            "n_neighbors": 7,
            "kernel": "rbf",
            "gamma": 100
        },
        "confusion_matrix": [
            [
                231,
                72,
                185,
                0,
                13
            ],
            [
                71,
                158,
                162,
                5,
                10
            ],
            [
                344,
                349,
                1667,
                31,
                54
            ],
            [
                1,
                2,
                8,
                1,
                0
            ],
            [
                14,
                3,
                17,
                0,
                10
            ]
        ],
        "classification_report": {
            "A": {
                "precision": 0.3494704992435703,
                "recall": 0.46107784431137727,
                "f1-score": 0.3975903614457831,
                "support": 501.0
            },
            "B": {
                "precision": 0.2705479452054795,
                "recall": 0.3891625615763547,
                "f1-score": 0.31919191919191925,
                "support": 406.0
            },
            "C": {
                "precision": 0.8175576262873958,
                "recall": 0.681799591002045,
                "f1-score": 0.7435325602140945,
                "support": 2445.0
            },
            "D": {
                "precision": 0.02702702702702703,
                "recall": 0.08333333333333333,
                "f1-score": 0.04081632653061225,
                "support": 12.0
            },
            "E": {
                "precision": 0.11494252873563218,
                "recall": 0.22727272727272727,
                "f1-score": 0.15267175572519084,
                "support": 44.0
            },
            "accuracy": 0.6065140845070423,
            "macro avg": {
                "precision": 0.31590912529982096,
                "recall": 0.3685292114991675,
                "f1-score": 0.33076058462152,
                "support": 3408.0
            },
            "weighted avg": {
                "precision": 0.6717245826689636,
                "recall": 0.6065140845070423,
                "f1-score": 0.6320214651320404,
                "support": 3408.0
            }
        },
        "training_time": 9194.331430196762,
        "bootstrap_results": {
            "mean_accuracy": 0.6066475938967136,
            "std_accuracy": 0.00908363683624812,
            "mean_precision": 0.6713941670936149,
            "std_precision": 0.010164601062356603,
            "mean_recall": 0.6066475938967136,
            "std_recall": 0.009083636836248124,
            "mean_f1": 0.631977776346876,
            "std_f1": 0.008864146776708189
        }
    },
    "training_time": 9194.331430196762,
    "bootstrap_results": {
        "mean_accuracy": 0.6066475938967136,
        "std_accuracy": 0.00908363683624812,
        "mean_precision": 0.6713941670936149,
        "std_precision": 0.010164601062356603,
        "mean_recall": 0.6066475938967136,
        "std_recall": 0.009083636836248124,
        "mean_f1": 0.631977776346876,
        "std_f1": 0.008864146776708189
    }
}