{
    "training_results": {
        "model_name": "LabelPropagation",
        "cv_best_score": 0.9132924335378324,
        "cv_best_mean_test_score": 0.9132924335378324,
        "cv_best_std_test_score": 0.0020244365923541606,
        "test_score": 0.5536971830985915,
        "accuracy": 0.5536971830985915,
        "balanced_accuracy": 0.3299200463293601,
        "precision": 0.6496683387196929,
        "recall": 0.5536971830985915,
        "f1": 0.5893514335412785,
        "kappa_score": 0.18714834649936585,
        "mcc_score": 0.19595080441339938,
        "error_rate": 0.4463028169014085,
        "best_params": {
            "n_neighbors": 3,
            "kernel": "rbf",
            "gamma": 20
        },
        "confusion_matrix": [
            [
                229,
                75,
                173,
                11,
                13
            ],
            [
                78,
                134,
                173,
                7,
                14
            ],
            [
                382,
                450,
                1516,
                38,
                59
            ],
            [
                3,
                0,
                7,
                1,
                1
            ],
            [
                15,
                5,
                16,
                1,
                7
            ]
        ],
        "classification_report": {
            "A": {
                "precision": 0.32390381895332393,
                "recall": 0.45708582834331335,
                "f1-score": 0.3791390728476821,
                "support": 501.0
            },
            "B": {
                "precision": 0.20180722891566266,
                "recall": 0.33004926108374383,
                "f1-score": 0.2504672897196262,
                "support": 406.0
            },
            "C": {
                "precision": 0.8042440318302387,
                "recall": 0.620040899795501,
                "f1-score": 0.7002309468822171,
                "support": 2445.0
            },
            "D": {
                "precision": 0.017241379310344827,
                "recall": 0.08333333333333333,
                "f1-score": 0.028571428571428574,
                "support": 12.0
            },
            "E": {
                "precision": 0.07446808510638298,
                "recall": 0.1590909090909091,
                "f1-score": 0.10144927536231883,
                "support": 44.0
            },
            "accuracy": 0.5536971830985915,
            "macro avg": {
                "precision": 0.2843329088231906,
                "recall": 0.3299200463293601,
                "f1-score": 0.29197160267665456,
                "support": 3408.0
            },
            "weighted avg": {
                "precision": 0.6496683387196929,
                "recall": 0.5536971830985915,
                "f1-score": 0.5893514335412785,
                "support": 3408.0
            }
        },
        "training_time": 5.270736217498779,
        "bootstrap_results": {
            "mean_accuracy": 0.5531954225352113,
            "std_accuracy": 0.008387584907522738,
            "mean_precision": 0.6496180638267773,
            "std_precision": 0.009921566485846713,
            "mean_recall": 0.5531954225352113,
            "std_recall": 0.008387584907522738,
            "mean_f1": 0.5889594062176506,
            "std_f1": 0.008222118269156852
        }
    },
    "training_time": 5.270736217498779,
    "bootstrap_results": {
        "mean_accuracy": 0.5531954225352113,
        "std_accuracy": 0.008387584907522738,
        "mean_precision": 0.6496180638267773,
        "std_precision": 0.009921566485846713,
        "mean_recall": 0.5531954225352113,
        "std_recall": 0.008387584907522738,
        "mean_f1": 0.5889594062176506,
        "std_f1": 0.008222118269156852
    }
}