{
    "training_results": {
        "model_name": "LabelPropagation",
        "cv_best_score": 0.9235489644592176,
        "cv_best_mean_test_score": 0.9235489644592176,
        "cv_best_std_test_score": 0.001892790132786692,
        "test_score": 0.5856807511737089,
        "accuracy": 0.5856807511737089,
        "balanced_accuracy": 0.3546910678901827,
        "precision": 0.6613421019051752,
        "recall": 0.5856807511737089,
        "f1": 0.614380134501482,
        "kappa_score": 0.22070550008672163,
        "mcc_score": 0.22824205061049999,
        "error_rate": 0.4143192488262911,
        "best_params": {
            "n_neighbors": 7,
            "kernel": "rbf",
            "gamma": 100
        },
        "confusion_matrix": [
            [
                234,
                65,
                183,
                2,
                17
            ],
            [
                81,
                147,
                165,
                1,
                12
            ],
            [
                370,
                390,
                1605,
                29,
                51
            ],
            [
                1,
                3,
                7,
                1,
                0
            ],
            [
                12,
                3,
                19,
                1,
                9
            ]
        ],
        "classification_report": {
            "A": {
                "precision": 0.335243553008596,
                "recall": 0.46706586826347307,
                "f1-score": 0.39032527105921605,
                "support": 501.0
            },
            "B": {
                "precision": 0.24177631578947367,
                "recall": 0.3620689655172414,
                "f1-score": 0.2899408284023669,
                "support": 406.0
            },
            "C": {
                "precision": 0.8110156644770086,
                "recall": 0.656441717791411,
                "f1-score": 0.7255877034358046,
                "support": 2445.0
            },
            "D": {
                "precision": 0.029411764705882353,
                "recall": 0.08333333333333333,
                "f1-score": 0.04347826086956522,
                "support": 12.0
            },
            "E": {
                "precision": 0.10112359550561797,
                "recall": 0.20454545454545456,
                "f1-score": 0.13533834586466165,
                "support": 44.0
            },
            "accuracy": 0.5856807511737089,
            "macro avg": {
                "precision": 0.3037141786973157,
                "recall": 0.3546910678901827,
                "f1-score": 0.3169340819263229,
                "support": 3408.0
            },
            "weighted avg": {
                "precision": 0.6613421019051752,
                "recall": 0.5856807511737089,
                "f1-score": 0.614380134501482,
                "support": 3408.0
            }
        },
        "training_time": 226.3857660293579,
        "bootstrap_results": {
            "mean_accuracy": 0.5853477112676057,
            "std_accuracy": 0.007982551621753783,
            "mean_precision": 0.6608979625235313,
            "std_precision": 0.008692759974514826,
            "mean_recall": 0.5853477112676057,
            "std_recall": 0.007982551621753787,
            "mean_f1": 0.614037404716155,
            "std_f1": 0.007676194696590755
        }
    },
    "training_time": 226.3857660293579,
    "bootstrap_results": {
        "mean_accuracy": 0.5853477112676057,
        "std_accuracy": 0.007982551621753783,
        "mean_precision": 0.6608979625235313,
        "std_precision": 0.008692759974514826,
        "mean_recall": 0.5853477112676057,
        "std_recall": 0.007982551621753787,
        "mean_f1": 0.614037404716155,
        "std_f1": 0.007676194696590755
    }
}