{
    "training_results": {
        "model_name": "LabelSpreading",
        "cv_best_score": 0.922168243416006,
        "cv_best_mean_test_score": 0.922168243416006,
        "cv_best_std_test_score": 0.001556136441288965,
        "test_score": 0.5827464788732394,
        "accuracy": 0.5827464788732394,
        "balanced_accuracy": 0.35501209647883936,
        "precision": 0.6630710046355778,
        "recall": 0.5827464788732394,
        "f1": 0.6131546717872358,
        "kappa_score": 0.22138125740271464,
        "mcc_score": 0.22944860770540015,
        "error_rate": 0.4172535211267606,
        "best_params": {
            "n_neighbors": 7,
            "kernel": "rbf",
            "gamma": 20,
            "alpha": 0.2
        },
        "confusion_matrix": [
            [
                235,
                65,
                177,
                6,
                18
            ],
            [
                78,
                149,
                164,
                3,
                12
            ],
            [
                373,
                385,
                1592,
                38,
                57
            ],
            [
                1,
                3,
                7,
                1,
                0
            ],
            [
                12,
                3,
                19,
                1,
                9
            ]
        ],
        "classification_report": {
            "A": {
                "precision": 0.3361945636623748,
                "recall": 0.469061876247505,
                "f1-score": 0.39166666666666666,
                "support": 501.0
            },
            "B": {
                "precision": 0.2462809917355372,
                "recall": 0.3669950738916256,
                "f1-score": 0.294757665677547,
                "support": 406.0
            },
            "C": {
                "precision": 0.8126595201633486,
                "recall": 0.6511247443762781,
                "f1-score": 0.7229791099000908,
                "support": 2445.0
            },
            "D": {
                "precision": 0.02040816326530612,
                "recall": 0.08333333333333333,
                "f1-score": 0.032786885245901634,
                "support": 12.0
            },
            "E": {
                "precision": 0.09375,
                "recall": 0.20454545454545456,
                "f1-score": 0.12857142857142856,
                "support": 44.0
            },
            "accuracy": 0.5827464788732394,
            "macro avg": {
                "precision": 0.30185864776531335,
                "recall": 0.35501209647883936,
                "f1-score": 0.31415235121232693,
                "support": 3408.0
            },
            "weighted avg": {
                "precision": 0.6630710046355778,
                "recall": 0.5827464788732394,
                "f1-score": 0.6131546717872358,
                "support": 3408.0
            }
        },
        "training_time": 2290.7871680259705,
        "bootstrap_results": {
            "mean_accuracy": 0.5832056924882629,
            "std_accuracy": 0.008609855841092463,
            "mean_precision": 0.6645921951725606,
            "std_precision": 0.00934869957248158,
            "mean_recall": 0.5832056924882629,
            "std_recall": 0.008609855841092463,
            "mean_f1": 0.6139062922107964,
            "std_f1": 0.008054825558575092
        }
    },
    "training_time": 2290.7871680259705,
    "bootstrap_results": {
        "mean_accuracy": 0.5832056924882629,
        "std_accuracy": 0.008609855841092463,
        "mean_precision": 0.6645921951725606,
        "std_precision": 0.00934869957248158,
        "mean_recall": 0.5832056924882629,
        "std_recall": 0.008609855841092463,
        "mean_f1": 0.6139062922107964,
        "std_f1": 0.008054825558575092
    }
}