{
    "training_results": {
        "model_name": "LabelSpreading",
        "cv_best_score": 0.9199931822055565,
        "cv_best_mean_test_score": 0.9199931822055565,
        "cv_best_std_test_score": 0.0020299403348845416,
        "test_score": 0.5648474178403756,
        "accuracy": 0.5648474178403756,
        "balanced_accuracy": 0.3507515008803314,
        "precision": 0.6532251958971638,
        "recall": 0.5648474178403755,
        "f1": 0.5966791456096244,
        "kappa_score": 0.1993966562323426,
        "mcc_score": 0.20846472760654752,
        "error_rate": 0.4351525821596244,
        "best_params": {
            "n_neighbors": 9,
            "kernel": "rbf",
            "gamma": 200,
            "alpha": 0.2
        },
        "confusion_matrix": [
            [
                231,
                62,
                188,
                2,
                18
            ],
            [
                104,
                143,
                151,
                1,
                7
            ],
            [
                470,
                355,
                1540,
                31,
                49
            ],
            [
                2,
                2,
                7,
                1,
                0
            ],
            [
                13,
                2,
                19,
                0,
                10
            ]
        ],
        "classification_report": {
            "A": {
                "precision": 0.2817073170731707,
                "recall": 0.46107784431137727,
                "f1-score": 0.3497350492051476,
                "support": 501.0
            },
            "B": {
                "precision": 0.25354609929078015,
                "recall": 0.3522167487684729,
                "f1-score": 0.2948453608247423,
                "support": 406.0
            },
            "C": {
                "precision": 0.8083989501312336,
                "recall": 0.6298568507157464,
                "f1-score": 0.7080459770114942,
                "support": 2445.0
            },
            "D": {
                "precision": 0.02857142857142857,
                "recall": 0.08333333333333333,
                "f1-score": 0.0425531914893617,
                "support": 12.0
            },
            "E": {
                "precision": 0.11904761904761904,
                "recall": 0.22727272727272727,
                "f1-score": 0.15624999999999997,
                "support": 44.0
            },
            "accuracy": 0.5648474178403756,
            "macro avg": {
                "precision": 0.2982542828228464,
                "recall": 0.3507515008803314,
                "f1-score": 0.31028591570614916,
                "support": 3408.0
            },
            "weighted avg": {
                "precision": 0.6532251958971638,
                "recall": 0.5648474178403755,
                "f1-score": 0.5966791456096244,
                "support": 3408.0
            }
        },
        "training_time": 2000.4765810966492,
        "bootstrap_results": {
            "mean_accuracy": 0.564950117370892,
            "std_accuracy": 0.008744463770192213,
            "mean_precision": 0.6535648112639802,
            "std_precision": 0.009388659031795544,
            "mean_recall": 0.564950117370892,
            "std_recall": 0.008744463770192213,
            "mean_f1": 0.5968769525858415,
            "std_f1": 0.008320145539086138
        }
    },
    "training_time": 2000.4765810966492,
    "bootstrap_results": {
        "mean_accuracy": 0.564950117370892,
        "std_accuracy": 0.008744463770192213,
        "mean_precision": 0.6535648112639802,
        "std_precision": 0.009388659031795544,
        "mean_recall": 0.564950117370892,
        "std_recall": 0.008744463770192213,
        "mean_f1": 0.5968769525858415,
        "std_f1": 0.008320145539086138
    }
}