{
    "training_results": {
        "model_name": "LabelSpreading",
        "cv_best_score": 0.8870143149284253,
        "cv_best_mean_test_score": 0.8870143149284253,
        "cv_best_std_test_score": 0.0015906287511353737,
        "test_score": 0.4850352112676056,
        "accuracy": 0.4850352112676056,
        "balanced_accuracy": 0.2914289720241642,
        "precision": 0.6334536115615595,
        "recall": 0.4850352112676056,
        "f1": 0.5286510496946955,
        "kappa_score": 0.1336440374148551,
        "mcc_score": 0.14868047452556674,
        "error_rate": 0.5149647887323944,
        "best_params": {
            "n_neighbors": 9,
            "kernel": "rbf",
            "gamma": 200,
            "alpha": 0.8
        },
        "confusion_matrix": [
            [
                263,
                65,
                156,
                8,
                9
            ],
            [
                152,
                101,
                137,
                4,
                12
            ],
            [
                753,
                343,
                1282,
                23,
                44
            ],
            [
                4,
                0,
                8,
                0,
                0
            ],
            [
                19,
                4,
                13,
                1,
                7
            ]
        ],
        "classification_report": {
            "A": {
                "precision": 0.22082283795130142,
                "recall": 0.5249500998003992,
                "f1-score": 0.3108747044917258,
                "support": 501.0
            },
            "B": {
                "precision": 0.1968810916179337,
                "recall": 0.24876847290640394,
                "f1-score": 0.21980413492927092,
                "support": 406.0
            },
            "C": {
                "precision": 0.8032581453634086,
                "recall": 0.5243353783231084,
                "f1-score": 0.6344964117792625,
                "support": 2445.0
            },
            "D": {
                "precision": 0.0,
                "recall": 0.0,
                "f1-score": 0.0,
                "support": 12.0
            },
            "E": {
                "precision": 0.09722222222222222,
                "recall": 0.1590909090909091,
                "f1-score": 0.1206896551724138,
                "support": 44.0
            },
            "accuracy": 0.4850352112676056,
            "macro avg": {
                "precision": 0.2636368594309732,
                "recall": 0.2914289720241642,
                "f1-score": 0.2571729812745346,
                "support": 3408.0
            },
            "weighted avg": {
                "precision": 0.6334536115615595,
                "recall": 0.4850352112676056,
                "f1-score": 0.5286510496946955,
                "support": 3408.0
            }
        },
        "training_time": 10.636745929718018,
        "bootstrap_results": {
            "mean_accuracy": 0.4860225938967136,
            "std_accuracy": 0.00815744468513254,
            "mean_precision": 0.634313785403332,
            "std_precision": 0.00973636437389969,
            "mean_recall": 0.4860225938967136,
            "std_recall": 0.008157444685132548,
            "mean_f1": 0.5295579908509187,
            "std_f1": 0.00799417631015837
        }
    },
    "training_time": 10.636745929718018,
    "bootstrap_results": {
        "mean_accuracy": 0.4860225938967136,
        "std_accuracy": 0.00815744468513254,
        "mean_precision": 0.634313785403332,
        "std_precision": 0.00973636437389969,
        "mean_recall": 0.4860225938967136,
        "std_recall": 0.008157444685132548,
        "mean_f1": 0.5295579908509187,
        "std_f1": 0.00799417631015837
    }
}