{
    "training_results": {
        "model_name": "LabelSpreading",
        "cv_best_score": 0.9137560672726428,
        "cv_best_mean_test_score": 0.9137560672726428,
        "cv_best_std_test_score": 0.001199093398081313,
        "test_score": 0.5730633802816901,
        "accuracy": 0.5730633802816901,
        "balanced_accuracy": 0.34807401398686777,
        "precision": 0.6575836643527422,
        "recall": 0.5730633802816901,
        "f1": 0.6042155756429587,
        "kappa_score": 0.20845701924040838,
        "mcc_score": 0.2169904051779897,
        "error_rate": 0.4269366197183099,
        "best_params": {
            "n_neighbors": 7,
            "kernel": "rbf",
            "gamma": 200,
            "alpha": 0.6000000000000001
        },
        "confusion_matrix": [
            [
                232,
                71,
                179,
                0,
                19
            ],
            [
                93,
                141,
                157,
                3,
                12
            ],
            [
                436,
                357,
                1570,
                26,
                56
            ],
            [
                2,
                0,
                9,
                1,
                0
            ],
            [
                15,
                2,
                17,
                1,
                9
            ]
        ],
        "classification_report": {
            "A": {
                "precision": 0.2982005141388175,
                "recall": 0.4630738522954092,
                "f1-score": 0.36278342455043,
                "support": 501.0
            },
            "B": {
                "precision": 0.2469352014010508,
                "recall": 0.3472906403940887,
                "f1-score": 0.2886386898669396,
                "support": 406.0
            },
            "C": {
                "precision": 0.8126293995859213,
                "recall": 0.6421267893660532,
                "f1-score": 0.717386337674206,
                "support": 2445.0
            },
            "D": {
                "precision": 0.03225806451612903,
                "recall": 0.08333333333333333,
                "f1-score": 0.046511627906976744,
                "support": 12.0
            },
            "E": {
                "precision": 0.09375,
                "recall": 0.20454545454545456,
                "f1-score": 0.12857142857142856,
                "support": 44.0
            },
            "accuracy": 0.5730633802816901,
            "macro avg": {
                "precision": 0.2967546359283837,
                "recall": 0.34807401398686777,
                "f1-score": 0.3087783017139962,
                "support": 3408.0
            },
            "weighted avg": {
                "precision": 0.6575836643527422,
                "recall": 0.5730633802816901,
                "f1-score": 0.6042155756429587,
                "support": 3408.0
            }
        },
        "training_time": 24070.37282180786,
        "bootstrap_results": {
            "mean_accuracy": 0.5719454225352113,
            "std_accuracy": 0.00802561774369088,
            "mean_precision": 0.6576927366011699,
            "std_precision": 0.009629540479032774,
            "mean_recall": 0.5719454225352113,
            "std_recall": 0.008025617743690877,
            "mean_f1": 0.6034275030342137,
            "std_f1": 0.007852894788849233
        }
    },
    "training_time": 24070.37282180786,
    "bootstrap_results": {
        "mean_accuracy": 0.5719454225352113,
        "std_accuracy": 0.00802561774369088,
        "mean_precision": 0.6576927366011699,
        "std_precision": 0.009629540479032774,
        "mean_recall": 0.5719454225352113,
        "std_recall": 0.008025617743690877,
        "mean_f1": 0.6034275030342137,
        "std_f1": 0.007852894788849233
    }
}